competition,match_id,date,season,team,opponent,win,chase,close_game,run_diff,runs,legal_balls_faced,runs_allowed,legal_balls_bowled,wickets_lost,wickets_taken,dot_balls_bat,dot_balls_bowl,boundaries,pp_runs,pp_legal_balls,death_runs,death_legal_balls,fielding_dismissals,run_rate,runs_per_ball,dot_ball_rate_bat,dot_ball_rate_bowl,bowler_wkts_per_match,powerplay_economy,death_economy,runs_allowed_per_legal_ball,boundary_rate_per_ball,death_run_rate,powerplay_run_rate,fielding_dismissals_per_match,n_matches,EDGE
LPL,1238753,2020-11-27,2020/21,Galle Gladiators,Jaffna Stallions,0,0,0,-1,175,120,176,117,8,2,46,41,23,53,36,77,30,10,8.75,1.4583333333333333,0.38333333333333336,0.3504273504273504,2,8.833333333333334,15.400000000000002,1.5042735042735043,0.19166666666666668,15.400000000000002,8.833333333333334,10,10,14.000000000000002
LPL,1238753,2020-11-27,2020/21,Jaffna Stallions,Galle Gladiators,1,1,0,1,176,117,175,120,2,8,41,46,19,51,36,38,27,10,9.025641025641026,1.5042735042735043,0.3504273504273504,0.38333333333333336,8,8.5,8.444444444444445,1.4583333333333333,0.1623931623931624,8.444444444444445,8.5,10,9,86.0
LPL,1238754,2020-11-28,2020/21,Dambulla Viiking,Kandy Tuskers,1,0,1,111,195,120,84,58,5,3,31,21,25,53,36,65,30,6,9.75,1.625,0.25833333333333336,0.3620689655172414,3,8.833333333333334,13.0,1.4482758620689655,0.20833333333333334,13.0,8.833333333333334,6,8,66.0
LPL,1238754,2020-11-28,2020/21,Kandy Tuskers,Dambulla Viiking,0,1,1,-111,84,58,195,120,3,5,21,31,11,61,36,0,0,6,8.689655172413794,1.4482758620689655,0.3620689655172414,0.25833333333333336,5,10.166666666666666,,1.625,0.1896551724137931,,10.166666666666666,6,7,2.0
LPL,1238755,2020-11-28,2020/21,Colombo Kings,Galle Gladiators,1,0,0,34,96,30,62,30,1,2,5,10,16,96,30,0,0,3,19.200000000000003,3.2,0.16666666666666666,0.3333333333333333,2,19.200000000000003,,2.066666666666667,0.5333333333333333,,19.200000000000003,3,8,62.0
LPL,1238755,2020-11-28,2020/21,Galle Gladiators,Colombo Kings,0,1,0,-34,62,30,96,30,2,1,10,5,10,62,30,0,0,3,12.400000000000002,2.066666666666667,0.3333333333333333,0.16666666666666666,1,12.400000000000002,,3.2,0.3333333333333333,,12.400000000000002,3,10,14.000000000000002
LPL,1238756,2020-11-30,2020/21,Jaffna Stallions,Dambulla Viiking,1,0,0,66,218,120,152,115,7,10,32,51,30,40,36,87,30,17,10.9,1.8166666666666667,0.26666666666666666,0.4434782608695652,10,6.666666666666667,17.4,1.3217391304347825,0.25,17.4,6.666666666666667,17,9,86.0
LPL,1238756,2020-11-30,2020/21,Dambulla Viiking,Jaffna Stallions,0,1,0,-66,152,115,218,120,10,7,51,32,19,48,36,27,25,17,7.930434782608695,1.3217391304347825,0.4434782608695652,0.26666666666666666,7,8.0,6.48,1.8166666666666667,0.16521739130434782,6.48,8.0,17,8,66.0
LPL,1238757,2020-11-30,2020/21,Kandy Tuskers,Galle Gladiators,1,0,0,25,196,120,171,120,5,7,34,37,27,67,36,54,30,12,9.8,1.6333333333333333,0.2833333333333333,0.30833333333333335,7,11.166666666666668,10.8,1.425,0.225,10.8,11.166666666666668,12,7,2.0
LPL,1238757,2020-11-30,2020/21,Galle Gladiators,Kandy Tuskers,0,1,0,-25,171,120,196,120,7,5,37,34,24,53,36,37,30,12,8.55,1.425,0.30833333333333335,0.2833333333333333,5,8.833333333333334,7.4,1.6333333333333333,0.2,7.4,8.833333333333334,12,10,14.000000000000002
LPL,1238758,2020-12-01,2020/21,Dambulla Viiking,Colombo Kings,1,0,0,28,175,120,147,112,9,10,49,48,20,45,36,54,30,16,8.75,1.4583333333333333,0.4083333333333333,0.42857142857142855,10,7.5,10.8,1.3125,0.16666666666666666,10.8,7.5,16,8,66.0
LPL,1238758,2020-12-01,2020/21,Colombo Kings,Dambulla Viiking,0,1,0,-28,147,112,175,120,10,9,48,49,21,41,36,42,22,16,7.875,1.3125,0.42857142857142855,0.4083333333333333,9,6.833333333333333,11.454545454545455,1.4583333333333333,0.1875,11.454545454545455,6.833333333333333,16,8,62.0
LPL,1238759,2020-12-01,2020/21,Jaffna Stallions,Kandy Tuskers,1,0,0,54,185,120,131,103,8,10,42,44,24,26,36,63,30,16,9.25,1.5416666666666667,0.35,0.42718446601941745,10,4.333333333333333,12.600000000000001,1.2718446601941749,0.2,12.600000000000001,4.333333333333333,16,9,86.0
LPL,1238759,2020-12-01,2020/21,Kandy Tuskers,Jaffna Stallions,0,1,0,-54,131,103,185,120,10,8,44,42,18,61,36,7,13,16,7.63106796116505,1.2718446601941749,0.42718446601941745,0.35,8,10.166666666666666,3.230769230769231,1.5416666666666667,0.17475728155339806,3.230769230769231,10.166666666666666,16,7,2.0
LPL,1238760,2020-12-03,2020/21,Galle Gladiators,Jaffna Stallions,0,0,0,-4,170,120,174,118,6,5,35,46,21,50,36,48,30,10,8.5,1.4166666666666667,0.2916666666666667,0.3898305084745763,5,8.333333333333332,9.600000000000001,1.4745762711864407,0.175,9.600000000000001,8.333333333333332,10,10,14.000000000000002
LPL,1238760,2020-12-03,2020/21,Jaffna Stallions,Galle Gladiators,1,1,0,4,174,118,170,120,5,6,46,35,25,47,36,39,28,10,8.847457627118644,1.4745762711864407,0.3898305084745763,0.2916666666666667,6,7.833333333333334,8.357142857142858,1.4166666666666667,0.211864406779661,8.357142857142858,7.833333333333334,10,9,86.0
LPL,1238761,2020-12-03,2020/21,Kandy Tuskers,Dambulla Viiking,0,0,0,-1,156,120,157,116,6,5,37,36,18,46,36,39,30,11,7.800000000000001,1.3,0.30833333333333335,0.3103448275862069,5,7.666666666666666,7.800000000000001,1.353448275862069,0.15,7.800000000000001,7.666666666666666,11,7,2.0
LPL,1238761,2020-12-03,2020/21,Dambulla Viiking,Kandy Tuskers,1,1,0,1,157,116,156,120,5,6,36,37,20,42,36,27,26,11,8.120689655172413,1.353448275862069,0.3103448275862069,0.30833333333333335,6,7.0,6.230769230769232,1.3,0.1724137931034483,6.230769230769232,7.0,11,8,66.0
LPL,1238762,2020-12-04,2020/21,Jaffna Stallions,Colombo Kings,0,0,0,-3,148,120,151,116,9,4,49,46,19,39,36,55,30,9,7.4,1.2333333333333334,0.4083333333333333,0.39655172413793105,4,6.5,11.0,1.3017241379310345,0.15833333333333333,11.0,6.5,9,9,86.0
LPL,1238762,2020-12-04,2020/21,Colombo Kings,Jaffna Stallions,1,1,0,3,151,116,148,120,4,9,46,49,20,50,36,51,26,9,7.810344827586206,1.3017241379310345,0.39655172413793105,0.4083333333333333,9,8.333333333333332,11.769230769230768,1.2333333333333334,0.1724137931034483,11.769230769230768,8.333333333333332,9,8,62.0
LPL,1238763,2020-12-05,2020/21,Dambulla Viiking,Galle Gladiators,1,0,1,9,207,120,198,120,4,7,35,35,28,48,36,68,30,9,10.350000000000001,1.725,0.2916666666666667,0.2916666666666667,7,8.0,13.6,1.65,0.23333333333333334,13.6,8.0,9,8,66.0
LPL,1238763,2020-12-05,2020/21,Galle Gladiators,Dambulla Viiking,0,1,1,-9,198,120,207,120,7,4,35,35,29,53,36,40,30,9,9.899999999999999,1.65,0.2916666666666667,0.2916666666666667,4,8.833333333333334,8.0,1.725,0.24166666666666667,8.0,8.833333333333334,9,10,14.000000000000002
LPL,1238764,2020-12-05,2020/21,Kandy Tuskers,Colombo Kings,0,0,0,-3,105,116,108,85,10,3,64,47,14,54,36,13,26,9,5.431034482758621,0.9051724137931034,0.5517241379310345,0.5529411764705883,3,9.0,3.0,1.2705882352941176,0.1206896551724138,3.0,9.0,9,7,2.0
LPL,1238764,2020-12-05,2020/21,Colombo Kings,Kandy Tuskers,1,1,0,3,108,85,105,116,3,10,47,64,15,50,36,0,0,9,7.623529411764705,1.2705882352941176,0.5529411764705883,0.5517241379310345,10,8.333333333333332,,0.9051724137931034,0.17647058823529413,,8.333333333333332,9,8,62.0
LPL,1238765,2020-12-07,2020/21,Colombo Kings,Galle Gladiators,0,0,0,-4,171,120,175,105,10,2,38,42,21,46,36,50,30,10,8.55,1.425,0.31666666666666665,0.4,2,7.666666666666666,10.0,1.6666666666666667,0.175,10.0,7.666666666666666,10,8,62.0
LPL,1238765,2020-12-07,2020/21,Galle Gladiators,Colombo Kings,1,1,0,4,175,105,171,120,2,10,42,38,29,64,36,38,15,10,10.0,1.6666666666666667,0.4,0.31666666666666665,10,10.666666666666666,15.2,1.425,0.2761904761904762,15.2,10.666666666666666,10,10,14.000000000000002
LPL,1238767,2020-12-09,2020/21,Jaffna Stallions,Kandy Tuskers,0,0,0,-1,150,120,151,115,10,4,38,42,18,50,36,40,30,13,7.5,1.25,0.31666666666666665,0.3652173913043478,4,8.333333333333332,8.0,1.3130434782608695,0.15,8.0,8.333333333333332,13,9,86.0
LPL,1238767,2020-12-09,2020/21,Kandy Tuskers,Jaffna Stallions,1,1,0,1,151,115,150,120,4,10,42,38,19,44,36,40,25,13,7.878260869565217,1.3130434782608695,0.3652173913043478,0.31666666666666665,10,7.333333333333334,9.600000000000001,1.25,0.16521739130434782,9.600000000000001,7.333333333333334,13,7,2.0
LPL,1238768,2020-12-09,2020/21,Galle Gladiators,Dambulla Viiking,0,0,0,-6,168,120,174,120,8,6,44,34,22,73,36,44,30,7,8.399999999999999,1.4,0.36666666666666664,0.2833333333333333,6,12.166666666666666,8.799999999999999,1.45,0.18333333333333332,8.799999999999999,12.166666666666666,7,10,14.000000000000002
LPL,1238768,2020-12-09,2020/21,Dambulla Viiking,Galle Gladiators,1,1,0,6,174,120,168,120,6,8,34,44,22,50,36,64,30,7,8.7,1.45,0.2833333333333333,0.36666666666666664,8,8.333333333333332,12.8,1.4,0.18333333333333332,12.8,8.333333333333332,7,8,66.0
LPL,1238769,2020-12-10,2020/21,Colombo Kings,Jaffna Stallions,1,0,1,6,173,120,167,120,4,6,35,38,21,31,36,45,30,9,8.65,1.4416666666666667,0.2916666666666667,0.31666666666666665,6,5.166666666666667,9.0,1.3916666666666666,0.175,9.0,5.166666666666667,9,8,62.0
LPL,1238769,2020-12-10,2020/21,Jaffna Stallions,Colombo Kings,0,1,1,-6,167,120,173,120,6,4,38,35,22,40,36,57,30,9,8.35,1.3916666666666666,0.31666666666666665,0.2916666666666667,4,6.666666666666667,11.399999999999999,1.4416666666666667,0.18333333333333332,11.399999999999999,6.666666666666667,9,9,86.0
LPL,1238770,2020-12-10,2020/21,Kandy Tuskers,Galle Gladiators,0,0,0,-4,126,115,130,102,10,1,54,52,15,29,36,22,25,3,6.57391304347826,1.0956521739130434,0.46956521739130436,0.5098039215686274,1,4.833333333333334,5.28,1.2745098039215685,0.13043478260869565,5.28,4.833333333333334,3,7,2.0
LPL,1238770,2020-12-10,2020/21,Galle Gladiators,Kandy Tuskers,1,1,0,4,130,102,126,115,1,10,52,54,18,48,36,23,12,3,7.647058823529411,1.2745098039215685,0.5098039215686274,0.46956521739130436,10,8.0,11.5,1.0956521739130434,0.17647058823529413,11.5,8.0,3,10,14.000000000000002
LPL,1238771,2020-12-11,2020/21,Dambulla Viiking,Colombo Kings,0,0,0,-2,203,120,205,113,3,5,26,28,28,59,36,59,30,4,10.15,1.6916666666666667,0.21666666666666667,0.24778761061946902,5,9.833333333333332,11.799999999999999,1.8141592920353982,0.23333333333333334,11.799999999999999,9.833333333333332,4,8,66.0
LPL,1238771,2020-12-11,2020/21,Colombo Kings,Dambulla Viiking,1,1,0,2,205,113,203,120,5,3,28,26,28,54,36,59,23,4,10.884955752212388,1.8141592920353982,0.24778761061946902,0.21666666666666667,3,9.0,15.391304347826086,1.6916666666666667,0.24778761061946902,15.391304347826086,9.0,4,8,62.0
LPL,1238772,2020-12-13,2020/21,Colombo Kings,Galle Gladiators,0,0,1,-1,150,120,151,119,9,8,45,46,18,32,36,46,30,17,7.5,1.25,0.375,0.3865546218487395,8,5.333333333333333,9.200000000000001,1.26890756302521,0.15,9.200000000000001,5.333333333333333,17,8,62.0
LPL,1238772,2020-12-13,2020/21,Galle Gladiators,Colombo Kings,1,1,1,1,151,119,150,120,8,9,46,45,18,57,36,40,29,17,7.61344537815126,1.26890756302521,0.3865546218487395,0.375,9,9.5,8.275862068965518,1.25,0.15126050420168066,8.275862068965518,9.5,17,10,14.000000000000002
LPL,1238773,2020-12-14,2020/21,Jaffna Stallions,Dambulla Viiking,1,0,0,37,165,120,128,115,9,10,43,53,21,50,36,35,30,19,8.25,1.375,0.35833333333333334,0.4608695652173913,10,8.333333333333332,7.0,1.1130434782608696,0.175,7.0,8.333333333333332,19,9,86.0
LPL,1238773,2020-12-14,2020/21,Dambulla Viiking,Jaffna Stallions,0,1,0,-37,128,115,165,120,10,9,53,43,19,41,36,32,25,19,6.678260869565218,1.1130434782608696,0.4608695652173913,0.35833333333333334,9,6.833333333333333,7.68,1.375,0.16521739130434782,7.68,6.833333333333333,19,8,66.0
LPL,1238774,2020-12-16,2020/21,Jaffna Stallions,Galle Gladiators,1,0,0,53,188,120,135,120,6,9,36,64,26,51,36,54,30,15,9.4,1.5666666666666667,0.3,0.5333333333333333,9,8.5,10.8,1.125,0.21666666666666667,10.8,8.5,15,9,86.0
LPL,1238774,2020-12-16,2020/21,Galle Gladiators,Jaffna Stallions,0,1,0,-53,135,120,188,120,9,6,64,36,18,30,36,18,30,15,6.75,1.125,0.5333333333333333,0.3,6,5.0,3.5999999999999996,1.5666666666666667,0.15,3.5999999999999996,5.0,15,10,14.000000000000002
LPL,1291195,2021-12-05,2021/22,Galle Gladiators,Jaffna Kings,1,0,0,54,164,120,110,112,7,10,43,54,22,43,36,50,30,14,8.2,1.3666666666666667,0.35833333333333334,0.48214285714285715,10,7.166666666666666,10.0,0.9821428571428571,0.18333333333333332,10.0,7.166666666666666,14,9,82.0
LPL,1291195,2021-12-05,2021/22,Jaffna Kings,Galle Gladiators,0,1,0,-54,110,112,164,120,10,7,54,43,12,39,36,21,22,14,5.892857142857142,0.9821428571428571,0.48214285714285715,0.35833333333333334,7,6.5,5.7272727272727275,1.3666666666666667,0.10714285714285714,5.7272727272727275,6.5,14,11,94.0
LPL,1291196,2021-12-06,2021/22,Dambulla Giants,Kandy Warriors,1,0,0,20,190,120,170,120,7,8,38,44,24,74,36,38,30,12,9.5,1.5833333333333333,0.31666666666666665,0.36666666666666664,8,12.333333333333332,7.6,1.4166666666666667,0.2,7.6,12.333333333333332,12,9,10.0
LPL,1291196,2021-12-06,2021/22,Kandy Warriors,Dambulla Giants,0,1,0,-20,170,120,190,120,8,7,44,38,19,52,36,49,30,12,8.5,1.4166666666666667,0.36666666666666664,0.31666666666666665,7,8.666666666666666,9.8,1.5833333333333333,0.15833333333333333,9.8,8.666666666666666,12,8,18.0
LPL,1291197,2021-12-06,2021/22,Galle Gladiators,Colombo Stars,0,0,0,-1,116,120,117,105,8,6,60,46,11,27,36,39,30,12,5.8,0.9666666666666667,0.5,0.4380952380952381,6,4.5,7.800000000000001,1.1142857142857143,0.09166666666666666,7.800000000000001,4.5,12,9,82.0
LPL,1291197,2021-12-06,2021/22,Colombo Stars,Galle Gladiators,1,1,0,1,117,105,116,120,6,8,46,60,11,45,36,21,15,12,6.685714285714286,1.1142857142857143,0.4380952380952381,0.5,8,7.5,8.399999999999999,0.9666666666666667,0.10476190476190476,8.399999999999999,7.5,12,9,46.0
LPL,1291198,2021-12-07,2021/22,Dambulla Giants,Jaffna Kings,0,0,0,-4,110,117,114,75,10,2,57,28,11,38,36,34,27,7,5.6410256410256405,0.9401709401709402,0.48717948717948717,0.37333333333333335,2,6.333333333333334,7.555555555555555,1.52,0.09401709401709402,7.555555555555555,6.333333333333334,7,9,10.0
LPL,1291198,2021-12-07,2021/22,Jaffna Kings,Dambulla Giants,1,1,0,4,114,75,110,117,2,10,28,57,14,49,36,0,0,7,9.120000000000001,1.52,0.37333333333333335,0.48717948717948717,10,8.166666666666668,,0.9401709401709402,0.18666666666666668,,8.166666666666668,7,11,94.0
LPL,1291199,2021-12-07,2021/22,Kandy Warriors,Galle Gladiators,0,0,0,-4,143,120,147,116,6,6,47,44,18,46,36,38,30,9,7.15,1.1916666666666667,0.39166666666666666,0.3793103448275862,6,7.666666666666666,7.6,1.2672413793103448,0.15,7.6,7.666666666666666,9,8,18.0
LPL,1291199,2021-12-07,2021/22,Galle Gladiators,Kandy Warriors,1,1,0,4,147,116,143,120,6,6,44,47,17,52,36,47,26,9,7.6034482758620685,1.2672413793103448,0.3793103448275862,0.39166666666666666,6,8.666666666666666,10.846153846153847,1.1916666666666667,0.14655172413793102,10.846153846153847,8.666666666666666,9,9,82.0
LPL,1291200,2021-12-08,2021/22,Dambulla Giants,Colombo Stars,1,0,0,18,195,120,177,113,6,10,39,46,28,75,36,51,30,12,9.75,1.625,0.325,0.40707964601769914,10,12.5,10.2,1.5663716814159292,0.23333333333333334,10.2,12.5,12,9,10.0
LPL,1291200,2021-12-08,2021/22,Colombo Stars,Dambulla Giants,0,1,0,-18,177,113,195,120,10,6,46,39,25,54,36,50,23,12,9.398230088495575,1.5663716814159292,0.40707964601769914,0.325,6,9.0,13.043478260869565,1.625,0.22123893805309736,13.043478260869565,9.0,12,9,46.0
LPL,1291201,2021-12-08,2021/22,Jaffna Kings,Kandy Warriors,1,0,0,15,181,84,166,84,6,5,25,24,24,65,36,0,0,9,12.928571428571427,2.1547619047619047,0.2976190476190476,0.2857142857142857,5,10.833333333333334,,1.9761904761904763,0.2857142857142857,,10.833333333333334,9,11,94.0
LPL,1291201,2021-12-08,2021/22,Kandy Warriors,Jaffna Kings,0,1,0,-15,166,84,181,84,5,6,24,25,24,64,36,0,0,9,11.857142857142858,1.9761904761904763,0.2857142857142857,0.2976190476190476,6,10.666666666666666,,2.1547619047619047,0.2857142857142857,,10.666666666666666,9,8,18.0
LPL,1291203,2021-12-10,2021/22,Jaffna Kings,Colombo Stars,1,0,0,93,207,108,114,95,6,10,30,43,26,69,36,54,18,15,11.5,1.9166666666666667,0.2777777777777778,0.45263157894736844,10,11.5,18.0,1.2,0.24074074074074073,18.0,11.5,15,11,94.0
LPL,1291203,2021-12-10,2021/22,Colombo Stars,Jaffna Kings,0,1,0,-93,114,95,207,108,10,6,43,30,14,47,36,5,5,15,7.199999999999999,1.2,0.45263157894736844,0.2777777777777778,6,7.833333333333334,6.0,1.9166666666666667,0.14736842105263157,6.0,7.833333333333334,15,9,46.0
LPL,1291204,2021-12-11,2021/22,Galle Gladiators,Kandy Warriors,0,0,0,-4,127,120,131,112,7,5,44,54,11,43,36,40,30,6,6.35,1.0583333333333333,0.36666666666666664,0.48214285714285715,5,7.166666666666666,8.0,1.1696428571428572,0.09166666666666666,8.0,7.166666666666666,6,9,82.0
LPL,1291204,2021-12-11,2021/22,Kandy Warriors,Galle Gladiators,1,1,0,4,131,112,127,120,5,7,54,44,14,44,36,30,22,6,7.017857142857143,1.1696428571428572,0.48214285714285715,0.36666666666666664,7,7.333333333333334,8.181818181818182,1.0583333333333333,0.125,8.181818181818182,7.333333333333334,6,8,18.0
LPL,1291205,2021-12-11,2021/22,Dambulla Giants,Colombo Stars,1,0,1,1,138,120,137,120,9,8,55,48,18,53,36,33,30,11,6.8999999999999995,1.15,0.4583333333333333,0.4,8,8.833333333333334,6.6000000000000005,1.1416666666666666,0.15,6.6000000000000005,8.833333333333334,11,9,10.0
LPL,1291205,2021-12-11,2021/22,Colombo Stars,Dambulla Giants,0,1,1,-1,137,120,138,120,8,9,48,55,15,32,36,58,30,11,6.85,1.1416666666666666,0.4,0.4583333333333333,9,5.333333333333333,11.6,1.15,0.125,11.6,5.333333333333333,11,9,46.0
LPL,1291206,2021-12-12,2021/22,Kandy Warriors,Jaffna Kings,0,0,0,-1,94,74,95,52,2,3,21,12,10,39,36,0,0,3,7.621621621621621,1.2702702702702702,0.28378378378378377,0.23076923076923078,3,6.5,,1.8269230769230769,0.13513513513513514,,6.5,3,8,18.0
LPL,1291206,2021-12-12,2021/22,Jaffna Kings,Kandy Warriors,1,1,0,1,95,52,94,74,3,2,12,21,15,59,36,0,0,3,10.961538461538462,1.8269230769230769,0.23076923076923078,0.28378378378378377,2,9.833333333333332,,1.2702702702702702,0.28846153846153844,,9.833333333333332,3,11,94.0
LPL,1291207,2021-12-12,2021/22,Colombo Stars,Galle Gladiators,1,0,0,41,162,108,121,101,7,10,40,29,21,36,36,43,18,14,9.0,1.5,0.37037037037037035,0.2871287128712871,10,6.0,14.333333333333332,1.198019801980198,0.19444444444444445,14.333333333333332,6.0,14,9,46.0
LPL,1291207,2021-12-12,2021/22,Galle Gladiators,Colombo Stars,0,1,0,-41,121,101,162,108,10,7,29,40,11,50,36,6,11,14,7.188118811881187,1.198019801980198,0.2871287128712871,0.37037037037037035,7,8.333333333333332,3.2727272727272725,1.5,0.10891089108910891,3.2727272727272725,8.333333333333332,14,9,82.0
LPL,1291208,2021-12-13,2021/22,Dambulla Giants,Jaffna Kings,0,0,0,-2,69,85,71,56,10,3,51,27,8,32,36,0,0,6,4.870588235294118,0.8117647058823529,0.6,0.48214285714285715,3,5.333333333333333,,1.2678571428571428,0.09411764705882353,,5.333333333333333,6,9,10.0
LPL,1291208,2021-12-13,2021/22,Jaffna Kings,Dambulla Giants,1,1,0,2,71,56,69,85,3,10,27,51,10,53,36,0,0,6,7.607142857142857,1.2678571428571428,0.48214285714285715,0.6,10,8.833333333333334,,0.8117647058823529,0.17857142857142858,,8.833333333333334,6,11,94.0
LPL,1291209,2021-12-14,2021/22,Kandy Warriors,Colombo Stars,0,0,0,-4,146,120,150,118,9,5,51,51,16,61,36,33,30,10,7.299999999999999,1.2166666666666666,0.425,0.4322033898305085,5,10.166666666666666,6.6000000000000005,1.271186440677966,0.13333333333333333,6.6000000000000005,10.166666666666666,10,8,18.0
LPL,1291209,2021-12-14,2021/22,Colombo Stars,Kandy Warriors,1,1,0,4,150,118,146,120,5,9,51,51,18,28,36,66,28,10,7.627118644067796,1.271186440677966,0.4322033898305085,0.425,9,4.666666666666667,14.142857142857142,1.2166666666666666,0.15254237288135594,14.142857142857142,4.666666666666667,10,9,46.0
LPL,1291210,2021-12-14,2021/22,Galle Gladiators,Dambulla Giants,1,0,1,9,134,84,125,84,7,5,21,28,17,68,36,0,0,11,9.571428571428573,1.5952380952380953,0.25,0.3333333333333333,5,11.333333333333332,,1.4880952380952381,0.20238095238095238,,11.333333333333332,11,9,82.0
LPL,1291210,2021-12-14,2021/22,Dambulla Giants,Galle Gladiators,0,1,1,-9,125,84,134,84,5,7,28,21,15,52,36,0,0,11,8.928571428571429,1.4880952380952381,0.3333333333333333,0.25,7,8.666666666666666,,1.5952380952380953,0.17857142857142858,,8.666666666666666,11,9,10.0
LPL,1291211,2021-12-16,2021/22,Jaffna Kings,Colombo Stars,1,0,0,102,193,120,91,95,5,10,34,49,24,53,36,51,30,12,9.65,1.6083333333333334,0.2833333333333333,0.5157894736842106,10,8.833333333333334,10.2,0.9578947368421052,0.2,10.2,8.833333333333334,12,11,94.0
LPL,1291211,2021-12-16,2021/22,Colombo Stars,Jaffna Kings,0,1,0,-102,91,95,193,120,10,5,49,34,10,36,36,8,5,12,5.747368421052632,0.9578947368421052,0.5157894736842106,0.2833333333333333,5,6.0,9.600000000000001,1.6083333333333334,0.10526315789473684,9.600000000000001,6.0,12,9,46.0
LPL,1291212,2021-12-16,2021/22,Dambulla Giants,Kandy Warriors,0,0,0,-5,130,120,135,116,10,4,51,42,10,28,36,49,30,10,6.5,1.0833333333333333,0.425,0.3620689655172414,4,4.666666666666667,9.8,1.1637931034482758,0.08333333333333333,9.8,4.666666666666667,10,9,10.0
LPL,1291212,2021-12-16,2021/22,Kandy Warriors,Dambulla Giants,1,1,0,5,135,116,130,120,4,10,42,51,14,38,36,42,26,10,6.982758620689655,1.1637931034482758,0.3620689655172414,0.425,10,6.333333333333334,9.692307692307693,1.0833333333333333,0.1206896551724138,9.692307692307693,6.333333333333334,10,8,18.0
LPL,1291213,2021-12-17,2021/22,Galle Gladiators,Jaffna Kings,1,0,0,20,129,120,109,111,8,10,55,58,13,41,36,46,30,14,6.449999999999999,1.075,0.4583333333333333,0.5225225225225225,10,6.833333333333333,9.200000000000001,0.9819819819819819,0.10833333333333334,9.200000000000001,6.833333333333333,14,9,82.0
LPL,1291213,2021-12-17,2021/22,Jaffna Kings,Galle Gladiators,0,1,0,-20,109,111,129,120,10,8,58,55,11,33,36,31,21,14,5.891891891891891,0.9819819819819819,0.5225225225225225,0.4583333333333333,8,5.5,8.857142857142858,1.075,0.0990990990990991,8.857142857142858,5.5,14,11,94.0
LPL,1291214,2021-12-17,2021/22,Colombo Stars,Kandy Warriors,1,0,0,58,182,120,124,102,6,10,35,36,24,60,36,64,30,13,9.1,1.5166666666666666,0.2916666666666667,0.35294117647058826,10,10.0,12.8,1.2156862745098038,0.2,12.8,10.0,13,9,46.0
LPL,1291214,2021-12-17,2021/22,Kandy Warriors,Colombo Stars,0,1,0,-58,124,102,182,120,10,6,36,35,12,57,36,2,12,13,7.2941176470588225,1.2156862745098038,0.35294117647058826,0.2916666666666667,6,9.5,1.0,1.5166666666666666,0.11764705882352941,1.0,9.5,13,8,18.0
LPL,1291215,2021-12-19,2021/22,Colombo Stars,Dambulla Giants,0,0,0,-1,145,120,146,113,6,4,40,34,16,28,36,48,30,9,7.25,1.2083333333333333,0.3333333333333333,0.3008849557522124,4,4.666666666666667,9.600000000000001,1.2920353982300885,0.13333333333333333,9.600000000000001,4.666666666666667,9,9,46.0
LPL,1291215,2021-12-19,2021/22,Dambulla Giants,Colombo Stars,1,1,0,1,146,113,145,120,4,6,34,40,15,45,36,29,23,9,7.7522123893805315,1.2920353982300885,0.3008849557522124,0.3333333333333333,6,7.5,7.565217391304348,1.2083333333333333,0.13274336283185842,7.565217391304348,7.5,9,9,10.0
LPL,1291216,2021-12-19,2021/22,Galle Gladiators,Jaffna Kings,1,0,0,64,188,120,124,101,5,10,35,42,23,61,36,52,30,10,9.4,1.5666666666666667,0.2916666666666667,0.4158415841584158,10,10.166666666666666,10.4,1.2277227722772277,0.19166666666666668,10.4,10.166666666666666,10,9,82.0
LPL,1291216,2021-12-19,2021/22,Jaffna Kings,Galle Gladiators,0,1,0,-64,124,101,188,120,10,5,42,35,14,46,36,3,11,10,7.366336633663366,1.2277227722772277,0.4158415841584158,0.2916666666666667,5,7.666666666666666,1.6363636363636362,1.5666666666666667,0.13861386138613863,1.6363636363636362,7.666666666666666,10,11,94.0
LPL,1291217,2021-12-21,2021/22,Jaffna Kings,Dambulla Giants,1,0,0,23,210,120,187,120,4,9,36,50,28,48,36,69,30,12,10.5,1.75,0.3,0.4166666666666667,9,8.0,13.799999999999999,1.5583333333333333,0.23333333333333334,13.799999999999999,8.0,12,11,94.0
LPL,1291217,2021-12-21,2021/22,Dambulla Giants,Jaffna Kings,0,1,0,-23,187,120,210,120,9,4,50,36,26,58,36,68,30,12,9.35,1.5583333333333333,0.4166666666666667,0.3,4,9.666666666666668,13.6,1.75,0.21666666666666667,13.6,9.666666666666668,12,9,10.0
LPL,1291218,2021-12-23,2021/22,Jaffna Kings,Galle Gladiators,1,0,0,23,201,120,178,120,3,9,36,37,27,61,36,64,30,13,10.05,1.675,0.3,0.30833333333333335,9,10.166666666666666,12.8,1.4833333333333334,0.225,12.8,10.166666666666666,13,11,94.0
LPL,1291218,2021-12-23,2021/22,Galle Gladiators,Jaffna Kings,0,1,0,-23,178,120,201,120,9,3,37,36,22,81,36,37,30,13,8.9,1.4833333333333334,0.30833333333333335,0.3,3,13.5,7.4,1.675,0.18333333333333332,7.4,13.5,13,9,82.0
LPL,1324519,2022-12-06,2022/23,Jaffna Kings,Galle Gladiators,1,0,0,24,137,119,113,120,10,10,45,51,14,38,36,30,29,17,6.9075630252100835,1.1512605042016806,0.37815126050420167,0.425,10,6.333333333333334,6.206896551724139,0.9416666666666667,0.11764705882352941,6.206896551724139,6.333333333333334,17,10,98.0
LPL,1324519,2022-12-06,2022/23,Galle Gladiators,Jaffna Kings,0,1,0,-24,113,120,137,119,10,10,51,45,9,46,36,23,30,17,5.65,0.9416666666666667,0.425,0.37815126050420167,10,7.666666666666666,4.6000000000000005,1.1512605042016806,0.075,4.6000000000000005,7.666666666666666,17,9,34.0
LPL,1324520,2022-12-06,2022/23,Kandy Falcons,Colombo Stars,1,0,0,109,199,120,90,87,1,10,27,38,26,41,36,47,30,6,9.950000000000001,1.6583333333333334,0.225,0.4367816091954023,10,6.833333333333333,9.4,1.0344827586206897,0.21666666666666667,9.4,6.833333333333333,6,10,74.0
LPL,1324520,2022-12-06,2022/23,Colombo Stars,Kandy Falcons,0,1,0,-109,90,87,199,120,10,1,38,27,10,38,36,0,0,6,6.206896551724139,1.0344827586206897,0.4367816091954023,0.225,1,6.333333333333334,,1.6583333333333334,0.11494252873563218,,6.333333333333334,6,11,22.0
LPL,1324521,2022-12-07,2022/23,Dambulla Aura,Jaffna Kings,0,0,0,-1,121,120,122,94,9,1,59,29,14,49,36,24,30,10,6.05,1.0083333333333333,0.49166666666666664,0.30851063829787234,1,8.166666666666668,4.800000000000001,1.297872340425532,0.11666666666666667,4.800000000000001,8.166666666666668,10,8,30.0
LPL,1324521,2022-12-07,2022/23,Jaffna Kings,Dambulla Aura,1,1,0,1,122,94,121,120,1,9,29,59,14,50,36,6,4,10,7.787234042553191,1.297872340425532,0.30851063829787234,0.49166666666666664,9,8.333333333333332,9.0,1.0083333333333333,0.14893617021276595,9.0,8.333333333333332,10,10,98.0
LPL,1324522,2022-12-07,2022/23,Galle Gladiators,Kandy Falcons,0,0,0,-2,121,120,123,90,8,5,50,40,14,29,36,30,30,10,6.05,1.0083333333333333,0.4166666666666667,0.4444444444444444,5,4.833333333333334,6.0,1.3666666666666667,0.11666666666666667,6.0,4.833333333333334,10,9,34.0
LPL,1324522,2022-12-07,2022/23,Kandy Falcons,Galle Gladiators,1,1,0,2,123,90,121,120,5,8,40,50,18,55,36,0,0,10,8.2,1.3666666666666667,0.4444444444444444,0.4166666666666667,8,9.166666666666666,,1.0083333333333333,0.2,,9.166666666666666,10,10,74.0
LPL,1324523,2022-12-08,2022/23,Colombo Stars,Dambulla Aura,1,0,1,9,165,120,156,120,9,7,47,44,23,48,36,50,30,15,8.25,1.375,0.39166666666666666,0.36666666666666664,7,8.0,10.0,1.3,0.19166666666666668,10.0,8.0,15,11,22.0
LPL,1324523,2022-12-08,2022/23,Dambulla Aura,Colombo Stars,0,1,1,-9,156,120,165,120,7,9,44,47,22,54,36,35,30,15,7.800000000000001,1.3,0.36666666666666664,0.39166666666666666,9,9.0,7.0,1.375,0.18333333333333332,7.0,9.0,15,8,30.0
LPL,1324524,2022-12-10,2022/23,Jaffna Kings,Kandy Falcons,0,0,1,-1,147,120,148,120,7,7,43,40,16,46,36,46,30,9,7.3500000000000005,1.225,0.35833333333333334,0.3333333333333333,7,7.666666666666666,9.200000000000001,1.2333333333333334,0.13333333333333333,9.200000000000001,7.666666666666666,9,10,98.0
LPL,1324524,2022-12-10,2022/23,Kandy Falcons,Jaffna Kings,1,1,1,1,148,120,147,120,7,7,40,43,15,54,36,43,30,9,7.4,1.2333333333333334,0.3333333333333333,0.35833333333333334,7,9.0,8.6,1.225,0.125,8.6,9.0,9,10,74.0
LPL,1324525,2022-12-11,2022/23,Galle Gladiators,Colombo Stars,1,0,0,25,174,120,149,120,6,7,42,47,25,62,36,56,30,10,8.7,1.45,0.35,0.39166666666666666,7,10.333333333333334,11.2,1.2416666666666667,0.20833333333333334,11.2,10.333333333333334,10,9,34.0
LPL,1324525,2022-12-11,2022/23,Colombo Stars,Galle Gladiators,0,1,0,-25,149,120,174,120,7,6,47,42,18,34,36,50,30,10,7.45,1.2416666666666667,0.39166666666666666,0.35,6,5.666666666666666,10.0,1.45,0.15,10.0,5.666666666666666,10,11,22.0
LPL,1324526,2022-12-11,2022/23,Jaffna Kings,Dambulla Aura,1,0,0,51,240,120,189,120,4,8,30,41,35,73,36,63,30,10,12.0,2.0,0.25,0.3416666666666667,8,12.166666666666666,12.600000000000001,1.575,0.2916666666666667,12.600000000000001,12.166666666666666,10,10,98.0
LPL,1324526,2022-12-11,2022/23,Dambulla Aura,Jaffna Kings,0,1,0,-51,189,120,240,120,8,4,41,30,23,50,36,46,30,10,9.45,1.575,0.3416666666666667,0.25,4,8.333333333333332,9.200000000000001,2.0,0.19166666666666668,9.200000000000001,8.333333333333332,10,8,30.0
LPL,1324527,2022-12-12,2022/23,Galle Gladiators,Kandy Falcons,1,0,0,12,153,120,141,120,6,7,39,45,17,23,36,46,30,9,7.6499999999999995,1.275,0.325,0.375,7,3.833333333333333,9.200000000000001,1.175,0.14166666666666666,9.200000000000001,3.833333333333333,9,9,34.0
LPL,1324527,2022-12-12,2022/23,Kandy Falcons,Galle Gladiators,0,1,0,-12,141,120,153,120,7,6,45,39,15,29,36,65,30,9,7.050000000000001,1.175,0.375,0.325,6,4.833333333333334,13.0,1.275,0.125,13.0,4.833333333333334,9,10,74.0
LPL,1324528,2022-12-12,2022/23,Jaffna Kings,Colombo Stars,1,0,1,6,178,120,172,120,5,8,35,45,22,51,36,59,30,8,8.9,1.4833333333333334,0.2916666666666667,0.375,8,8.5,11.799999999999999,1.4333333333333333,0.18333333333333332,11.799999999999999,8.5,8,10,98.0
LPL,1324528,2022-12-12,2022/23,Colombo Stars,Jaffna Kings,0,1,1,-6,172,120,178,120,8,5,45,35,25,33,36,68,30,8,8.6,1.4333333333333333,0.375,0.2916666666666667,5,5.5,13.6,1.4833333333333334,0.20833333333333334,13.6,5.5,8,11,22.0
LPL,1324529,2022-12-13,2022/23,Kandy Falcons,Dambulla Aura,1,0,0,77,193,120,116,86,3,10,40,34,26,48,36,64,30,12,9.65,1.6083333333333334,0.3333333333333333,0.3953488372093023,10,8.0,12.8,1.3488372093023255,0.21666666666666667,12.8,8.0,12,10,74.0
LPL,1324529,2022-12-13,2022/23,Dambulla Aura,Kandy Falcons,0,1,0,-77,116,86,193,120,10,3,34,40,14,44,36,0,0,12,8.093023255813954,1.3488372093023255,0.3953488372093023,0.3333333333333333,3,7.333333333333334,,1.6083333333333334,0.16279069767441862,,7.333333333333334,12,8,30.0
LPL,1324530,2022-12-13,2022/23,Galle Gladiators,Colombo Stars,0,0,1,-4,193,120,197,120,5,8,36,35,25,47,36,57,30,12,9.65,1.6083333333333334,0.3,0.2916666666666667,8,7.833333333333334,11.399999999999999,1.6416666666666666,0.20833333333333334,11.399999999999999,7.833333333333334,12,9,34.0
LPL,1324530,2022-12-13,2022/23,Colombo Stars,Galle Gladiators,1,1,1,4,197,120,193,120,8,5,35,36,26,53,36,59,30,12,9.85,1.6416666666666666,0.2916666666666667,0.3,5,8.833333333333334,11.799999999999999,1.6083333333333334,0.21666666666666667,11.799999999999999,8.833333333333334,12,11,22.0
LPL,1324531,2022-12-14,2022/23,Kandy Falcons,Jaffna Kings,1,0,1,10,160,120,150,120,8,9,53,40,21,42,36,65,30,10,8.0,1.3333333333333333,0.44166666666666665,0.3333333333333333,9,7.0,13.0,1.25,0.175,13.0,7.0,10,10,74.0
LPL,1324531,2022-12-14,2022/23,Jaffna Kings,Kandy Falcons,0,1,1,-10,150,120,160,120,9,8,40,53,15,50,36,43,30,10,7.5,1.25,0.3333333333333333,0.44166666666666665,8,8.333333333333332,8.6,1.3333333333333333,0.125,8.6,8.333333333333332,10,10,98.0
LPL,1324532,2022-12-14,2022/23,Dambulla Aura,Colombo Stars,0,0,0,-1,89,83,90,69,10,1,45,32,11,54,36,0,0,7,6.433734939759036,1.072289156626506,0.5421686746987951,0.463768115942029,1,9.0,,1.3043478260869565,0.13253012048192772,,9.0,7,8,30.0
LPL,1324532,2022-12-14,2022/23,Colombo Stars,Dambulla Aura,1,1,0,1,90,69,89,83,1,10,32,45,12,46,36,0,0,7,7.826086956521739,1.3043478260869565,0.463768115942029,0.5421686746987951,10,7.666666666666666,,1.072289156626506,0.17391304347826086,,7.666666666666666,7,11,22.0
LPL,1324533,2022-12-17,2022/23,Dambulla Aura,Galle Gladiators,1,0,0,48,178,120,130,118,5,10,41,55,21,46,36,53,30,15,8.9,1.4833333333333334,0.3416666666666667,0.4661016949152542,10,7.666666666666666,10.6,1.1016949152542372,0.175,10.6,7.666666666666666,15,8,30.0
LPL,1324533,2022-12-17,2022/23,Galle Gladiators,Dambulla Aura,0,1,0,-48,130,118,178,120,10,5,55,41,16,52,36,16,28,15,6.610169491525424,1.1016949152542372,0.4661016949152542,0.3416666666666667,5,8.666666666666666,3.4285714285714284,1.4833333333333334,0.13559322033898305,3.4285714285714284,8.666666666666666,15,9,34.0
LPL,1324534,2022-12-17,2022/23,Colombo Stars,Kandy Falcons,0,0,0,-2,106,115,108,96,10,1,57,42,11,44,36,25,25,9,5.530434782608696,0.9217391304347826,0.4956521739130435,0.4375,1,7.333333333333334,6.0,1.125,0.09565217391304348,6.0,7.333333333333334,9,11,22.0
LPL,1324534,2022-12-17,2022/23,Kandy Falcons,Colombo Stars,1,1,0,2,108,96,106,115,1,10,42,57,12,54,36,7,6,9,6.75,1.125,0.4375,0.4956521739130435,10,9.0,7.0,0.9217391304347826,0.125,7.0,9.0,9,10,74.0
LPL,1324535,2022-12-18,2022/23,Jaffna Kings,Galle Gladiators,1,0,0,16,170,120,154,120,8,9,36,49,20,49,36,46,30,16,8.5,1.4166666666666667,0.3,0.4083333333333333,9,8.166666666666668,9.200000000000001,1.2833333333333334,0.16666666666666666,9.200000000000001,8.166666666666668,16,10,98.0
LPL,1324535,2022-12-18,2022/23,Galle Gladiators,Jaffna Kings,0,1,0,-16,154,120,170,120,9,8,49,36,17,47,36,35,30,16,7.700000000000001,1.2833333333333334,0.4083333333333333,0.3,8,7.833333333333334,7.0,1.4166666666666667,0.14166666666666666,7.0,7.833333333333334,16,9,34.0
LPL,1324536,2022-12-18,2022/23,Kandy Falcons,Dambulla Aura,1,0,0,39,160,120,121,120,7,9,34,52,13,56,36,32,30,12,8.0,1.3333333333333333,0.2833333333333333,0.43333333333333335,9,9.333333333333334,6.4,1.0083333333333333,0.10833333333333334,6.4,9.333333333333334,12,10,74.0
LPL,1324536,2022-12-18,2022/23,Dambulla Aura,Kandy Falcons,0,1,0,-39,121,120,160,120,9,7,52,34,10,36,36,32,30,12,6.05,1.0083333333333333,0.43333333333333335,0.2833333333333333,7,6.0,6.4,1.3333333333333333,0.08333333333333333,6.4,6.0,12,8,30.0
LPL,1324537,2022-12-19,2022/23,Colombo Stars,Jaffna Kings,0,0,0,-3,128,120,131,95,9,2,51,39,10,25,36,49,30,8,6.4,1.0666666666666667,0.425,0.4105263157894737,2,4.166666666666666,9.8,1.3789473684210527,0.08333333333333333,9.8,4.166666666666666,8,11,22.0
LPL,1324537,2022-12-19,2022/23,Jaffna Kings,Colombo Stars,1,1,0,3,131,95,128,120,2,9,39,51,16,65,36,7,5,8,8.273684210526316,1.3789473684210527,0.4105263157894737,0.425,9,10.833333333333334,8.399999999999999,1.0666666666666667,0.16842105263157894,8.399999999999999,10.833333333333334,8,10,98.0
LPL,1324538,2022-12-19,2022/23,Galle Gladiators,Dambulla Aura,0,0,0,-5,129,120,134,86,8,6,58,29,13,31,36,60,30,11,6.449999999999999,1.075,0.48333333333333334,0.3372093023255814,6,5.166666666666667,12.0,1.558139534883721,0.10833333333333334,12.0,5.166666666666667,11,9,34.0
LPL,1324538,2022-12-19,2022/23,Dambulla Aura,Galle Gladiators,1,1,0,5,134,86,129,120,6,8,29,58,17,42,36,0,0,11,9.348837209302326,1.558139534883721,0.3372093023255814,0.48333333333333334,8,7.0,,1.075,0.19767441860465115,,7.0,11,8,30.0
LPL,1324539,2022-12-21,2022/23,Kandy Falcons,Jaffna Kings,0,0,0,45,143,120,98,66,8,3,44,27,12,39,36,33,30,8,7.15,1.1916666666666667,0.36666666666666664,0.4090909090909091,3,6.5,6.6000000000000005,1.4848484848484849,0.1,6.6000000000000005,6.5,8,10,74.0
LPL,1324539,2022-12-21,2022/23,Jaffna Kings,Kandy Falcons,1,1,0,-45,98,66,143,120,3,8,27,44,11,71,36,0,0,8,8.90909090909091,1.4848484848484849,0.4090909090909091,0.36666666666666664,8,11.833333333333334,,1.1916666666666667,0.16666666666666666,,11.833333333333334,8,10,98.0
LPL,1324540,2022-12-21,2022/23,Galle Gladiators,Colombo Stars,0,0,0,-1,108,108,109,101,9,3,47,47,8,16,36,20,18,10,6.0,1.0,0.4351851851851852,0.46534653465346537,3,2.6666666666666665,6.666666666666667,1.0792079207920793,0.07407407407407407,6.666666666666667,2.6666666666666665,10,9,34.0
LPL,1324540,2022-12-21,2022/23,Colombo Stars,Galle Gladiators,1,1,0,1,109,101,108,108,3,9,47,47,13,36,36,20,11,10,6.475247524752476,1.0792079207920793,0.46534653465346537,0.4351851851851852,9,6.0,10.909090909090908,1.0,0.12871287128712872,10.909090909090908,6.0,10,11,22.0
LPL,1324541,2022-12-22,2022/23,Kandy Falcons,Colombo Stars,0,0,0,-1,168,120,169,113,6,4,38,32,17,29,36,55,30,6,8.399999999999999,1.4,0.31666666666666665,0.2831858407079646,4,4.833333333333334,11.0,1.4955752212389382,0.14166666666666666,11.0,4.833333333333334,6,10,74.0
LPL,1324541,2022-12-22,2022/23,Colombo Stars,Kandy Falcons,1,1,0,1,169,113,168,120,4,6,32,38,21,47,36,44,23,6,8.97345132743363,1.4955752212389382,0.2831858407079646,0.31666666666666665,6,7.833333333333334,11.478260869565219,1.4,0.18584070796460178,11.478260869565219,7.833333333333334,6,11,22.0
LPL,1324542,2022-12-23,2022/23,Colombo Stars,Jaffna Kings,0,0,1,-1,163,120,164,116,5,8,38,41,15,55,36,61,30,12,8.15,1.3583333333333334,0.31666666666666665,0.35344827586206895,8,9.166666666666666,12.2,1.4137931034482758,0.125,12.2,9.166666666666666,12,11,22.0
LPL,1324542,2022-12-23,2022/23,Jaffna Kings,Colombo Stars,1,1,1,1,164,116,163,120,8,5,41,38,21,52,36,36,26,12,8.482758620689655,1.4137931034482758,0.35344827586206895,0.31666666666666665,5,8.666666666666666,8.307692307692307,1.3583333333333334,0.1810344827586207,8.307692307692307,8.666666666666666,12,10,98.0
LPL,1382878,2023-07-30,2023,Jaffna Kings,Colombo Strikers,1,0,0,21,173,120,152,118,5,10,36,52,19,43,36,55,30,13,8.65,1.4416666666666667,0.3,0.4406779661016949,10,7.166666666666666,11.0,1.2881355932203389,0.15833333333333333,11.0,7.166666666666666,13,9,26.0
LPL,1382878,2023-07-30,2023,Colombo Strikers,Jaffna Kings,0,1,0,-21,152,118,173,120,10,5,52,36,21,55,36,40,28,13,7.728813559322033,1.2881355932203389,0.4406779661016949,0.3,5,9.166666666666666,8.571428571428571,1.4416666666666667,0.17796610169491525,8.571428571428571,9.166666666666666,13,8,6.0
LPL,1382880,2023-07-31,2023,Colombo Strikers,B-Love Kandy,1,0,0,27,157,120,130,120,6,8,48,56,17,50,36,47,30,8,7.85,1.3083333333333333,0.4,0.4666666666666667,8,8.333333333333332,9.4,1.0833333333333333,0.14166666666666666,9.4,8.333333333333332,8,8,6.0
LPL,1382880,2023-07-31,2023,B-Love Kandy,Colombo Strikers,0,1,0,-27,130,120,157,120,8,6,56,48,12,40,36,23,30,8,6.5,1.0833333333333333,0.4666666666666667,0.4,6,6.666666666666667,4.6000000000000005,1.3083333333333333,0.1,4.6000000000000005,6.666666666666667,8,11,90.0
LPL,1382881,2023-08-01,2023,Jaffna Kings,Dambulla Aura,0,0,0,-3,129,120,132,98,7,2,50,44,15,41,36,26,30,6,6.449999999999999,1.075,0.4166666666666667,0.4489795918367347,2,6.833333333333333,5.2,1.346938775510204,0.125,5.2,6.833333333333333,6,9,26.0
LPL,1382881,2023-08-01,2023,Dambulla Aura,Jaffna Kings,1,1,0,3,132,98,129,120,2,7,44,50,19,62,36,8,8,6,8.081632653061224,1.346938775510204,0.4489795918367347,0.4166666666666667,7,10.333333333333334,6.0,1.075,0.19387755102040816,6.0,10.333333333333334,6,9,78.0
LPL,1382882,2023-08-01,2023,Galle Titans,B-Love Kandy,1,0,0,83,180,120,97,103,5,10,42,57,20,37,36,54,30,13,9.0,1.5,0.35,0.5533980582524272,10,6.166666666666666,10.8,0.941747572815534,0.16666666666666666,10.8,6.166666666666666,13,9,50.0
LPL,1382882,2023-08-01,2023,B-Love Kandy,Galle Titans,0,1,0,-83,97,103,180,120,10,5,57,42,10,36,36,13,13,13,5.650485436893204,0.941747572815534,0.5533980582524272,0.35,5,6.0,6.0,1.5,0.0970873786407767,6.0,6.0,13,11,90.0
LPL,1382883,2023-08-04,2023,Dambulla Aura,B-Love Kandy,0,0,0,-4,156,120,160,111,6,3,45,37,21,36,36,47,30,5,7.800000000000001,1.3,0.375,0.3333333333333333,3,6.0,9.4,1.4414414414414414,0.175,9.4,6.0,5,9,78.0
LPL,1382883,2023-08-04,2023,B-Love Kandy,Dambulla Aura,1,1,0,4,160,111,156,120,3,6,37,45,19,57,36,37,21,5,8.64864864864865,1.4414414414414414,0.3333333333333333,0.375,6,9.5,10.571428571428571,1.3,0.17117117117117117,10.571428571428571,9.5,5,11,90.0
LPL,1382884,2023-08-04,2023,Galle Titans,Jaffna Kings,0,0,0,-3,117,120,120,76,9,2,56,33,12,37,36,25,30,5,5.85,0.975,0.4666666666666667,0.4342105263157895,2,6.166666666666666,5.0,1.5789473684210527,0.1,5.0,6.166666666666666,5,9,50.0
LPL,1382884,2023-08-04,2023,Jaffna Kings,Galle Titans,1,1,0,3,120,76,117,120,2,9,33,56,16,51,36,0,0,5,9.473684210526315,1.5789473684210527,0.4342105263157895,0.4666666666666667,9,8.5,,0.975,0.21052631578947367,,8.5,5,9,26.0
LPL,1382885,2023-08-05,2023,Dambulla Aura,Colombo Strikers,1,0,1,10,192,120,182,120,6,4,38,41,25,36,36,49,30,4,9.600000000000001,1.6,0.31666666666666665,0.3416666666666667,4,6.0,9.8,1.5166666666666666,0.20833333333333334,9.8,6.0,4,9,78.0
LPL,1382885,2023-08-05,2023,Colombo Strikers,Dambulla Aura,0,1,1,-10,182,120,192,120,4,6,41,38,25,61,36,59,30,4,9.1,1.5166666666666666,0.3416666666666667,0.31666666666666665,6,10.166666666666666,11.799999999999999,1.6,0.20833333333333334,11.799999999999999,10.166666666666666,4,8,6.0
LPL,1382886,2023-08-05,2023,Jaffna Kings,B-Love Kandy,0,0,0,-1,117,120,118,78,9,2,64,25,17,30,36,39,30,7,5.85,0.975,0.5333333333333333,0.32051282051282054,2,5.0,7.800000000000001,1.5128205128205128,0.14166666666666666,7.800000000000001,5.0,7,9,26.0
LPL,1382886,2023-08-05,2023,B-Love Kandy,Jaffna Kings,1,1,0,1,118,78,117,120,2,9,25,64,15,31,36,0,0,7,9.076923076923077,1.5128205128205128,0.32051282051282054,0.5333333333333333,9,5.166666666666667,,0.975,0.19230769230769232,,5.166666666666667,7,11,90.0
LPL,1382887,2023-08-07,2023,Galle Titans,Colombo Strikers,0,0,0,-1,188,120,189,119,3,3,28,26,23,67,36,54,30,3,9.4,1.5666666666666667,0.23333333333333334,0.2184873949579832,3,11.166666666666668,10.8,1.588235294117647,0.19166666666666668,10.8,11.166666666666668,3,9,50.0
LPL,1382887,2023-08-07,2023,Colombo Strikers,Galle Titans,1,1,0,1,189,119,188,120,3,3,26,28,21,63,36,42,29,3,9.529411764705882,1.588235294117647,0.2184873949579832,0.23333333333333334,3,10.5,8.689655172413794,1.5666666666666667,0.17647058823529413,8.689655172413794,10.5,3,8,6.0
LPL,1382888,2023-08-07,2023,Dambulla Aura,Jaffna Kings,1,0,1,9,134,120,125,120,8,7,41,64,11,39,36,49,30,12,6.7,1.1166666666666667,0.3416666666666667,0.5333333333333333,7,6.5,9.8,1.0416666666666667,0.09166666666666666,9.8,6.5,12,9,78.0
LPL,1382888,2023-08-07,2023,Jaffna Kings,Dambulla Aura,0,1,1,-9,125,120,134,120,7,8,64,41,14,27,36,51,30,12,6.25,1.0416666666666667,0.5333333333333333,0.3416666666666667,8,4.5,10.2,1.1166666666666667,0.11666666666666667,10.2,4.5,12,9,26.0
LPL,1382889,2023-08-08,2023,B-Love Kandy,Galle Titans,1,0,0,89,203,120,114,100,5,10,30,42,28,42,36,63,30,10,10.15,1.6916666666666667,0.25,0.42,10,7.0,12.600000000000001,1.14,0.23333333333333334,12.600000000000001,7.0,10,11,90.0
LPL,1382889,2023-08-08,2023,Galle Titans,B-Love Kandy,0,1,0,-89,114,100,203,120,10,5,42,30,12,38,36,12,10,10,6.84,1.14,0.42,0.25,5,6.333333333333334,7.199999999999999,1.6916666666666667,0.12,7.199999999999999,6.333333333333334,10,9,50.0
LPL,1382890,2023-08-08,2023,Colombo Strikers,Jaffna Kings,0,0,0,-4,146,120,150,87,8,4,47,32,18,54,36,46,30,8,7.299999999999999,1.2166666666666666,0.39166666666666666,0.367816091954023,4,9.0,9.200000000000001,1.7241379310344827,0.15,9.200000000000001,9.0,8,8,6.0
LPL,1382890,2023-08-08,2023,Jaffna Kings,Colombo Strikers,1,1,0,4,150,87,146,120,4,8,32,47,19,61,36,0,0,8,10.344827586206897,1.7241379310344827,0.367816091954023,0.39166666666666666,8,10.166666666666666,,1.2166666666666666,0.21839080459770116,,10.166666666666666,8,9,26.0
LPL,1382891,2023-08-11,2023,Galle Titans,Dambulla Aura,0,0,0,-1,133,120,134,106,9,3,45,35,12,36,36,37,30,8,6.65,1.1083333333333334,0.375,0.330188679245283,3,6.0,7.4,1.2641509433962264,0.1,7.4,6.0,8,9,50.0
LPL,1382891,2023-08-11,2023,Dambulla Aura,Galle Titans,1,1,0,1,134,106,133,120,3,9,35,45,12,40,36,30,16,8,7.584905660377358,1.2641509433962264,0.330188679245283,0.375,9,6.666666666666667,11.25,1.1083333333333334,0.11320754716981132,11.25,6.666666666666667,8,9,78.0
LPL,1382892,2023-08-12,2023,B-Love Kandy,Jaffna Kings,1,0,1,8,178,120,170,120,8,6,35,39,19,52,36,39,30,10,8.9,1.4833333333333334,0.2916666666666667,0.325,6,8.666666666666666,7.800000000000001,1.4166666666666667,0.15833333333333333,7.800000000000001,8.666666666666666,10,11,90.0
LPL,1382892,2023-08-12,2023,Jaffna Kings,B-Love Kandy,0,1,1,-8,170,120,178,120,6,8,39,35,19,36,36,48,30,10,8.5,1.4166666666666667,0.325,0.2916666666666667,8,6.0,9.600000000000001,1.4833333333333334,0.15833333333333333,9.600000000000001,6.0,10,9,26.0
LPL,1382893,2023-08-12,2023,Dambulla Aura,Colombo Strikers,1,0,0,50,166,120,116,118,5,10,45,49,20,40,36,68,30,9,8.3,1.3833333333333333,0.375,0.4152542372881356,10,6.666666666666667,13.6,0.9830508474576272,0.16666666666666666,13.6,6.666666666666667,9,9,78.0
LPL,1382893,2023-08-12,2023,Colombo Strikers,Dambulla Aura,0,1,0,-50,116,118,166,120,10,5,49,45,10,56,36,16,28,9,5.898305084745763,0.9830508474576272,0.4152542372881356,0.375,5,9.333333333333334,3.4285714285714284,1.3833333333333333,0.0847457627118644,3.4285714285714284,9.333333333333334,9,8,6.0
LPL,1382894,2023-08-13,2023,Jaffna Kings,Galle Titans,0,0,0,-1,89,120,90,81,10,3,72,28,11,34,36,19,30,8,4.45,0.7416666666666667,0.6,0.345679012345679,3,5.666666666666666,3.8,1.1111111111111112,0.09166666666666666,3.8,5.666666666666666,8,9,26.0
LPL,1382894,2023-08-13,2023,Galle Titans,Jaffna Kings,1,1,0,1,90,81,89,120,3,10,28,72,9,39,36,0,0,8,6.666666666666667,1.1111111111111112,0.345679012345679,0.6,10,6.5,,0.7416666666666667,0.1111111111111111,,6.5,8,9,50.0
LPL,1382895,2023-08-13,2023,Colombo Strikers,B-Love Kandy,1,0,1,9,169,120,160,120,9,8,42,46,19,47,36,42,30,12,8.450000000000001,1.4083333333333334,0.35,0.38333333333333336,8,7.833333333333334,8.399999999999999,1.3333333333333333,0.15833333333333333,8.399999999999999,7.833333333333334,12,8,6.0
LPL,1382895,2023-08-13,2023,B-Love Kandy,Colombo Strikers,0,1,1,-9,160,120,169,120,8,9,46,42,20,27,36,52,30,12,8.0,1.3333333333333333,0.38333333333333336,0.35,9,4.5,10.4,1.4083333333333334,0.16666666666666666,10.4,4.5,12,11,90.0
LPL,1382896,2023-08-14,2023,Dambulla Aura,B-Love Kandy,1,0,0,20,162,120,142,118,7,10,47,46,22,53,36,58,30,8,8.100000000000001,1.35,0.39166666666666666,0.3898305084745763,10,8.833333333333334,11.6,1.2033898305084745,0.18333333333333332,11.6,8.833333333333334,8,9,78.0
LPL,1382896,2023-08-14,2023,B-Love Kandy,Dambulla Aura,0,1,0,-20,142,118,162,120,10,7,46,47,17,47,36,32,28,8,7.220338983050847,1.2033898305084745,0.3898305084745763,0.39166666666666666,7,7.833333333333334,6.857142857142857,1.35,0.1440677966101695,6.857142857142857,7.833333333333334,8,11,90.0
LPL,1382897,2023-08-15,2023,Colombo Strikers,Galle Titans,0,0,0,-1,74,94,75,51,10,2,52,24,7,33,36,0,4,3,4.723404255319149,0.7872340425531915,0.5531914893617021,0.47058823529411764,2,5.5,0.0,1.4705882352941178,0.07446808510638298,0.0,5.5,3,8,6.0
LPL,1382897,2023-08-15,2023,Galle Titans,Colombo Strikers,1,1,0,1,75,51,74,94,2,10,24,52,10,38,36,0,0,3,8.823529411764707,1.4705882352941178,0.47058823529411764,0.5531914893617021,10,6.333333333333334,,0.7872340425531915,0.19607843137254902,,6.333333333333334,3,9,50.0
LPL,1382898,2023-08-17,2023,Galle Titans,Dambulla Aura,0,0,0,-1,146,120,147,118,10,4,42,47,15,45,36,41,30,10,7.299999999999999,1.2166666666666666,0.35,0.3983050847457627,4,7.5,8.2,1.2457627118644068,0.125,8.2,7.5,10,9,50.0
LPL,1382898,2023-08-17,2023,Dambulla Aura,Galle Titans,1,1,0,1,147,118,146,120,4,10,47,42,18,44,36,36,28,10,7.474576271186441,1.2457627118644068,0.3983050847457627,0.35,10,7.333333333333334,7.714285714285715,1.2166666666666666,0.15254237288135594,7.714285714285715,7.333333333333334,10,9,78.0
LPL,1382899,2023-08-17,2023,B-Love Kandy,Jaffna Kings,1,0,0,61,188,120,127,104,8,10,35,49,24,58,36,43,30,11,9.4,1.5666666666666667,0.2916666666666667,0.47115384615384615,10,9.666666666666668,8.6,1.2211538461538463,0.2,8.6,9.666666666666668,11,11,90.0
LPL,1382899,2023-08-17,2023,Jaffna Kings,B-Love Kandy,0,1,0,-61,127,104,188,120,10,8,49,35,15,47,36,12,14,11,7.3269230769230775,1.2211538461538463,0.47115384615384615,0.2916666666666667,8,7.833333333333334,5.142857142857142,1.5666666666666667,0.14423076923076922,5.142857142857142,7.833333333333334,11,9,26.0
LPL,1382900,2023-08-19,2023,B-Love Kandy,Galle Titans,1,0,0,34,157,120,123,120,7,8,54,50,19,26,36,53,30,14,7.85,1.3083333333333333,0.45,0.4166666666666667,8,4.333333333333333,10.6,1.025,0.15833333333333333,10.6,4.333333333333333,14,11,90.0
LPL,1382900,2023-08-19,2023,Galle Titans,B-Love Kandy,0,1,0,-34,123,120,157,120,8,7,50,54,10,44,36,30,30,14,6.1499999999999995,1.025,0.4166666666666667,0.45,7,7.333333333333334,6.0,1.3083333333333333,0.08333333333333333,6.0,7.333333333333334,14,9,50.0
LPL,1382901,2023-08-20,2023,Dambulla Aura,B-Love Kandy,0,0,0,-4,147,120,151,119,4,5,46,41,14,40,36,47,30,7,7.3500000000000005,1.225,0.38333333333333336,0.3445378151260504,5,6.666666666666667,9.4,1.26890756302521,0.11666666666666667,9.4,6.666666666666667,7,9,78.0
LPL,1382901,2023-08-20,2023,B-Love Kandy,Dambulla Aura,1,1,0,4,151,119,147,120,5,4,41,46,18,47,36,46,29,7,7.61344537815126,1.26890756302521,0.3445378151260504,0.38333333333333336,4,7.833333333333334,9.517241379310345,1.225,0.15126050420168066,9.517241379310345,7.833333333333334,7,11,90.0
LPL,1428459,2024-07-01,2024,Dambulla Sixers,Kandy Falcons,0,0,0,-4,179,120,183,104,4,4,44,26,22,40,36,63,30,3,8.95,1.4916666666666667,0.36666666666666664,0.25,4,6.666666666666667,12.600000000000001,1.7596153846153846,0.18333333333333332,12.600000000000001,6.666666666666667,3,7,54.0
LPL,1428459,2024-07-01,2024,Kandy Falcons,Dambulla Sixers,1,1,0,4,183,104,179,120,4,4,26,44,27,59,36,50,14,3,10.557692307692307,1.7596153846153846,0.25,0.36666666666666664,4,9.833333333333332,21.42857142857143,1.4916666666666667,0.25961538461538464,21.42857142857143,9.833333333333332,3,10,38.0
LPL,1428460,2024-07-02,2024,Jaffna Kings,Galle Marvels,0,0,0,-2,177,120,179,120,7,5,40,41,25,43,36,65,30,8,8.850000000000001,1.475,0.3333333333333333,0.3416666666666667,5,7.166666666666666,13.0,1.4916666666666667,0.20833333333333334,13.0,7.166666666666666,8,11,57.99999999999999
LPL,1428460,2024-07-02,2024,Galle Marvels,Jaffna Kings,1,1,0,2,179,120,177,120,5,7,41,40,26,53,36,52,30,8,8.95,1.4916666666666667,0.3416666666666667,0.3333333333333333,7,8.833333333333334,10.4,1.475,0.21666666666666667,10.4,8.833333333333334,8,9,42.0
LPL,1428461,2024-07-02,2024,Colombo Strikers,Kandy Falcons,1,0,0,51,198,120,147,95,7,10,36,44,27,78,36,61,30,10,9.899999999999999,1.65,0.3,0.4631578947368421,10,13.0,12.2,1.5473684210526315,0.225,12.2,13.0,10,9,70.0
LPL,1428461,2024-07-02,2024,Kandy Falcons,Colombo Strikers,0,1,0,-51,147,95,198,120,10,7,44,36,24,66,36,1,5,10,9.284210526315789,1.5473684210526315,0.4631578947368421,0.3,7,11.0,1.2000000000000002,1.65,0.25263157894736843,1.2000000000000002,11.0,10,10,38.0
LPL,1428462,2024-07-03,2024,Dambulla Sixers,Jaffna Kings,0,0,0,-6,191,120,197,120,2,6,29,48,24,42,36,53,30,7,9.549999999999999,1.5916666666666666,0.24166666666666667,0.4,6,7.0,10.6,1.6416666666666666,0.2,10.6,7.0,7,7,54.0
LPL,1428462,2024-07-03,2024,Jaffna Kings,Dambulla Sixers,1,1,0,6,197,120,191,120,6,2,48,29,30,37,36,46,30,7,9.85,1.6416666666666666,0.4,0.24166666666666667,2,6.166666666666666,9.200000000000001,1.5916666666666666,0.25,9.200000000000001,6.166666666666666,7,11,57.99999999999999
LPL,1428463,2024-07-03,2024,Galle Marvels,Colombo Strikers,1,0,1,7,179,120,172,120,10,9,51,38,27,72,36,40,30,15,8.95,1.4916666666666667,0.425,0.31666666666666665,9,12.0,8.0,1.4333333333333333,0.225,8.0,12.0,15,9,42.0
LPL,1428463,2024-07-03,2024,Colombo Strikers,Galle Marvels,0,1,1,-7,172,120,179,120,9,10,38,51,20,57,36,46,30,15,8.6,1.4333333333333333,0.31666666666666665,0.425,10,9.5,9.200000000000001,1.4916666666666667,0.16666666666666666,9.200000000000001,9.5,15,9,70.0
LPL,1428464,2024-07-05,2024,Galle Marvels,Jaffna Kings,0,0,0,-4,187,120,191,118,5,5,47,33,28,47,36,66,30,8,9.35,1.5583333333333333,0.39166666666666666,0.2796610169491525,5,7.833333333333334,13.200000000000001,1.61864406779661,0.23333333333333334,13.200000000000001,7.833333333333334,8,9,42.0
LPL,1428464,2024-07-05,2024,Jaffna Kings,Galle Marvels,1,1,0,4,191,118,187,120,5,5,33,47,27,60,36,57,28,8,9.711864406779661,1.61864406779661,0.2796610169491525,0.39166666666666666,5,10.0,12.214285714285714,1.5583333333333333,0.2288135593220339,12.214285714285714,10.0,8,11,57.99999999999999
LPL,1428465,2024-07-06,2024,Colombo Strikers,Kandy Falcons,1,0,1,2,199,120,197,120,9,8,35,51,24,68,36,58,30,13,9.950000000000001,1.6583333333333334,0.2916666666666667,0.425,8,11.333333333333332,11.6,1.6416666666666666,0.2,11.6,11.333333333333332,13,9,70.0
LPL,1428465,2024-07-06,2024,Kandy Falcons,Colombo Strikers,0,1,1,-2,197,120,199,120,8,9,51,35,30,44,36,44,30,13,9.85,1.6416666666666666,0.425,0.2916666666666667,9,7.333333333333334,8.799999999999999,1.6583333333333334,0.25,8.799999999999999,7.333333333333334,13,10,38.0
LPL,1428466,2024-07-06,2024,Jaffna Kings,Dambulla Sixers,1,0,0,30,218,120,188,120,5,8,34,34,29,52,36,76,30,12,10.9,1.8166666666666667,0.2833333333333333,0.2833333333333333,8,8.666666666666666,15.2,1.5666666666666667,0.24166666666666667,15.2,8.666666666666666,12,11,57.99999999999999
LPL,1428466,2024-07-06,2024,Dambulla Sixers,Jaffna Kings,0,1,0,-30,188,120,218,120,8,5,34,34,25,67,36,46,30,12,9.4,1.5666666666666667,0.2833333333333333,0.2833333333333333,5,11.166666666666668,9.200000000000001,1.8166666666666667,0.20833333333333334,9.200000000000001,11.166666666666668,12,7,54.0
LPL,1428467,2024-07-07,2024,Kandy Falcons,Galle Marvels,0,0,0,-1,175,120,176,103,7,4,37,34,21,36,36,67,30,6,8.75,1.4583333333333333,0.30833333333333335,0.3300970873786408,4,6.0,13.4,1.7087378640776698,0.175,13.4,6.0,6,10,38.0
LPL,1428467,2024-07-07,2024,Galle Marvels,Kandy Falcons,1,1,0,1,176,103,175,120,4,7,34,37,28,89,36,24,13,6,10.252427184466018,1.7087378640776698,0.3300970873786408,0.30833333333333335,7,14.833333333333334,11.076923076923077,1.4583333333333333,0.27184466019417475,11.076923076923077,14.833333333333334,6,9,42.0
LPL,1428468,2024-07-07,2024,Colombo Strikers,Dambulla Sixers,0,0,0,-3,185,120,188,107,6,2,35,29,21,56,36,68,30,9,9.25,1.5416666666666667,0.2916666666666667,0.27102803738317754,2,9.333333333333334,13.6,1.7570093457943925,0.175,13.6,9.333333333333334,9,9,70.0
LPL,1428468,2024-07-07,2024,Dambulla Sixers,Colombo Strikers,1,1,0,3,188,107,185,120,2,6,29,35,23,63,36,33,17,9,10.542056074766355,1.7570093457943925,0.27102803738317754,0.2916666666666667,6,10.5,11.647058823529411,1.5416666666666667,0.21495327102803738,11.647058823529411,10.5,9,7,54.0
LPL,1428469,2024-07-09,2024,Jaffna Kings,Kandy Falcons,0,0,0,-6,224,120,230,110,7,3,27,27,33,69,36,62,30,3,11.2,1.8666666666666667,0.225,0.24545454545454545,3,11.5,12.400000000000002,2.090909090909091,0.275,12.400000000000002,11.5,3,11,57.99999999999999
LPL,1428469,2024-07-09,2024,Kandy Falcons,Jaffna Kings,1,1,0,6,230,110,224,120,3,7,27,27,35,72,36,54,20,3,12.545454545454545,2.090909090909091,0.24545454545454545,0.225,7,12.0,16.200000000000003,1.8666666666666667,0.3181818181818182,16.200000000000003,12.0,3,10,38.0
LPL,1428470,2024-07-09,2024,Dambulla Sixers,Galle Marvels,1,0,0,25,160,120,135,118,8,10,45,55,21,42,36,64,30,11,8.0,1.3333333333333333,0.375,0.4661016949152542,10,7.0,12.8,1.1440677966101696,0.175,12.8,7.0,11,7,54.0
LPL,1428470,2024-07-09,2024,Galle Marvels,Dambulla Sixers,0,1,0,-25,135,118,160,120,10,8,55,45,15,32,36,43,28,11,6.864406779661017,1.1440677966101696,0.4661016949152542,0.375,8,5.333333333333333,9.214285714285715,1.3333333333333333,0.1271186440677966,9.214285714285715,5.333333333333333,11,9,42.0
LPL,1428471,2024-07-10,2024,Colombo Strikers,Jaffna Kings,0,0,0,-2,188,120,190,111,9,3,36,30,23,65,36,40,30,11,9.4,1.5666666666666667,0.3,0.2702702702702703,3,10.833333333333334,8.0,1.7117117117117118,0.19166666666666668,8.0,10.833333333333334,11,9,70.0
LPL,1428471,2024-07-10,2024,Jaffna Kings,Colombo Strikers,1,1,0,2,190,111,188,120,3,9,30,36,29,45,36,39,21,11,10.27027027027027,1.7117117117117118,0.2702702702702703,0.3,9,7.5,11.142857142857142,1.5666666666666667,0.26126126126126126,11.142857142857142,7.5,11,11,57.99999999999999
LPL,1428472,2024-07-10,2024,Kandy Falcons,Galle Marvels,0,0,0,-1,187,120,188,116,9,2,42,30,25,69,36,39,30,7,9.35,1.5583333333333333,0.35,0.25862068965517243,2,11.5,7.800000000000001,1.6206896551724137,0.20833333333333334,7.800000000000001,11.5,7,10,38.0
LPL,1428472,2024-07-10,2024,Galle Marvels,Kandy Falcons,1,1,0,1,188,116,187,120,2,9,30,42,23,72,36,47,26,7,9.724137931034482,1.6206896551724137,0.25862068965517243,0.35,9,12.0,10.846153846153847,1.5583333333333333,0.19827586206896552,10.846153846153847,12.0,7,9,42.0
LPL,1428473,2024-07-13,2024,Kandy Falcons,Jaffna Kings,0,0,0,-1,78,42,79,35,5,6,14,12,11,71,36,0,0,10,11.142857142857142,1.8571428571428572,0.3333333333333333,0.34285714285714286,6,11.833333333333334,,2.257142857142857,0.2619047619047619,,11.833333333333334,10,10,38.0
LPL,1428473,2024-07-13,2024,Jaffna Kings,Kandy Falcons,1,1,0,1,79,35,78,42,6,5,12,14,11,79,35,0,0,10,13.542857142857143,2.257142857142857,0.34285714285714286,0.3333333333333333,5,13.542857142857143,,1.8571428571428572,0.3142857142857143,,13.542857142857143,10,11,57.99999999999999
LPL,1428475,2024-07-14,2024,Jaffna Kings,Colombo Strikers,0,0,0,-3,109,120,112,59,9,1,59,20,10,42,36,26,30,7,5.45,0.9083333333333333,0.49166666666666664,0.3389830508474576,1,7.0,5.2,1.8983050847457628,0.08333333333333333,5.2,7.0,7,11,57.99999999999999
LPL,1428475,2024-07-14,2024,Colombo Strikers,Jaffna Kings,1,1,0,3,112,59,109,120,1,9,20,59,16,66,36,0,0,7,11.389830508474576,1.8983050847457628,0.3389830508474576,0.49166666666666664,9,11.0,,0.9083333333333333,0.2711864406779661,,11.0,7,9,70.0
LPL,1428476,2024-07-15,2024,Kandy Falcons,Dambulla Sixers,1,0,0,54,222,120,168,120,4,9,33,43,30,59,36,79,30,9,11.100000000000001,1.85,0.275,0.35833333333333334,9,9.833333333333332,15.8,1.4,0.25,15.8,9.833333333333332,9,10,38.0
LPL,1428476,2024-07-15,2024,Dambulla Sixers,Kandy Falcons,0,1,0,-54,168,120,222,120,9,4,43,33,20,52,36,42,30,9,8.399999999999999,1.4,0.35833333333333334,0.275,4,8.666666666666666,8.399999999999999,1.85,0.16666666666666666,8.399999999999999,8.666666666666666,9,7,54.0
LPL,1428477,2024-07-15,2024,Galle Marvels,Colombo Strikers,0,0,0,-4,138,119,142,110,10,3,52,41,17,37,36,30,29,8,6.957983193277311,1.1596638655462186,0.4369747899159664,0.37272727272727274,3,6.166666666666666,6.206896551724139,1.290909090909091,0.14285714285714285,6.206896551724139,6.166666666666666,8,9,42.0
LPL,1428477,2024-07-15,2024,Colombo Strikers,Galle Marvels,1,1,0,4,142,110,138,119,3,10,41,52,16,60,36,31,20,8,7.745454545454546,1.290909090909091,0.37272727272727274,0.4369747899159664,10,10.0,9.3,1.1596638655462186,0.14545454545454545,9.3,10.0,8,9,70.0
LPL,1428478,2024-07-16,2024,Dambulla Sixers,Colombo Strikers,1,0,0,28,123,120,95,109,10,10,61,64,14,25,36,32,30,15,6.1499999999999995,1.025,0.5083333333333333,0.5871559633027523,10,4.166666666666666,6.4,0.8715596330275229,0.11666666666666667,6.4,4.166666666666666,15,7,54.0
LPL,1428478,2024-07-16,2024,Colombo Strikers,Dambulla Sixers,0,1,0,-28,95,109,123,120,10,10,64,61,12,37,36,23,19,15,5.229357798165138,0.8715596330275229,0.5871559633027523,0.5083333333333333,10,6.166666666666666,7.2631578947368425,1.025,0.11009174311926606,7.2631578947368425,6.166666666666666,15,9,70.0
LPL,1428479,2024-07-18,2024,Jaffna Kings,Galle Marvels,0,0,0,-4,177,120,181,109,7,3,35,33,22,49,36,56,30,8,8.850000000000001,1.475,0.2916666666666667,0.30275229357798167,3,8.166666666666668,11.2,1.6605504587155964,0.18333333333333332,11.2,8.166666666666668,8,11,57.99999999999999
LPL,1428479,2024-07-18,2024,Galle Marvels,Jaffna Kings,1,1,0,4,181,109,177,120,3,7,33,35,28,70,36,29,19,8,9.963302752293579,1.6605504587155964,0.30275229357798167,0.2916666666666667,7,11.666666666666666,9.157894736842106,1.475,0.25688073394495414,9.157894736842106,11.666666666666666,8,9,42.0
LPL,1428480,2024-07-18,2024,Colombo Strikers,Kandy Falcons,0,0,1,-4,159,120,163,112,8,8,38,41,18,45,36,44,30,13,7.949999999999999,1.325,0.31666666666666665,0.36607142857142855,8,7.5,8.799999999999999,1.4553571428571428,0.15,8.799999999999999,7.5,13,9,70.0
LPL,1428480,2024-07-18,2024,Kandy Falcons,Colombo Strikers,1,1,1,4,163,112,159,120,8,8,41,38,22,51,36,29,22,13,8.732142857142858,1.4553571428571428,0.36607142857142855,0.31666666666666665,8,8.5,7.909090909090908,1.325,0.19642857142857142,7.909090909090908,8.5,13,10,38.0
LPL,1428481,2024-07-20,2024,Jaffna Kings,Kandy Falcons,1,0,1,1,187,120,186,120,7,8,37,43,26,52,36,58,30,10,9.35,1.5583333333333333,0.30833333333333335,0.35833333333333334,8,8.666666666666666,11.6,1.55,0.21666666666666667,11.6,8.666666666666666,10,11,57.99999999999999
LPL,1428481,2024-07-20,2024,Kandy Falcons,Jaffna Kings,0,1,1,-1,186,120,187,120,8,7,43,37,25,62,36,60,30,10,9.3,1.55,0.35833333333333334,0.30833333333333335,7,10.333333333333334,12.0,1.5583333333333333,0.20833333333333334,12.0,10.333333333333334,10,10,38.0
LPL,1428482,2024-07-21,2024,Galle Marvels,Jaffna Kings,0,0,0,-1,184,120,185,94,6,1,40,18,24,21,36,68,30,4,9.200000000000001,1.5333333333333334,0.3333333333333333,0.19148936170212766,1,3.5,13.6,1.9680851063829787,0.2,13.6,3.5,4,9,42.0
LPL,1428482,2024-07-21,2024,Jaffna Kings,Galle Marvels,1,1,0,1,185,94,184,120,1,6,18,40,26,63,36,8,4,4,11.808510638297872,1.9680851063829787,0.19148936170212766,0.3333333333333333,6,10.5,12.0,1.5333333333333334,0.2765957446808511,12.0,10.5,4,11,57.99999999999999
LPL,1537331,2026-07-17,2026,Galle Gallants,Jaffna Kings,1,0,0,36,213,120,177,118,6,10,43,53,33,57,36,90,30,14,10.649999999999999,1.775,0.35833333333333334,0.4491525423728814,10,9.5,18.0,1.5,0.275,18.0,9.5,14,11,84.0
LPL,1537331,2026-07-17,2026,Jaffna Kings,Galle Gallants,0,1,0,-36,177,118,213,120,10,6,53,43,24,65,36,42,28,14,9.0,1.5,0.4491525423728814,0.35833333333333334,6,10.833333333333334,9.0,1.775,0.2033898305084746,9.0,10.833333333333334,14,9,84.0
LPL,1537332,2026-07-18,2026,Dambulla Sixers,Kandy Royals,1,0,0,18,205,120,187,120,6,6,28,38,28,68,36,76,30,9,10.25,1.7083333333333333,0.23333333333333334,0.31666666666666665,6,11.333333333333332,15.2,1.5583333333333333,0.23333333333333334,15.2,11.333333333333332,9,7,20.0
LPL,1537332,2026-07-18,2026,Kandy Royals,Dambulla Sixers,0,1,0,-18,187,120,205,120,6,6,38,28,27,49,36,61,30,9,9.35,1.5583333333333333,0.31666666666666665,0.23333333333333334,6,8.166666666666668,12.2,1.7083333333333333,0.225,12.2,8.166666666666668,9,9,12.0
LPL,1537333,2026-07-18,2026,Colombo Kaps,Galle Gallants,0,0,0,-2,189,120,191,116,8,5,42,26,25,68,36,37,30,10,9.45,1.575,0.35,0.22413793103448276,5,11.333333333333332,7.4,1.646551724137931,0.20833333333333334,7.4,11.333333333333332,10,10,44.0
LPL,1537333,2026-07-18,2026,Galle Gallants,Colombo Kaps,1,1,0,2,191,116,189,120,5,8,26,42,26,54,36,56,26,10,9.879310344827587,1.646551724137931,0.22413793103448276,0.35,8,9.0,12.923076923076923,1.575,0.22413793103448276,12.923076923076923,9.0,10,11,84.0
LPL,1537334,2026-07-19,2026,Dambulla Sixers,Jaffna Kings,0,0,0,-3,130,117,133,114,10,5,46,47,17,33,36,28,27,13,6.666666666666667,1.1111111111111112,0.39316239316239315,0.41228070175438597,5,5.5,6.222222222222221,1.1666666666666667,0.1452991452991453,6.222222222222221,5.5,13,7,20.0
LPL,1537334,2026-07-19,2026,Jaffna Kings,Dambulla Sixers,1,1,0,3,133,114,130,117,5,10,47,46,17,33,36,40,24,13,7.0,1.1666666666666667,0.41228070175438597,0.39316239316239315,10,5.5,10.0,1.1111111111111112,0.14912280701754385,10.0,5.5,13,9,84.0
LPL,1537335,2026-07-19,2026,Kandy Royals,Colombo Kaps,0,0,0,-3,179,120,182,118,10,5,34,34,23,51,36,60,30,9,8.95,1.4916666666666667,0.2833333333333333,0.288135593220339,5,8.5,12.0,1.5423728813559323,0.19166666666666668,12.0,8.5,9,9,12.0
LPL,1537335,2026-07-19,2026,Colombo Kaps,Kandy Royals,1,1,0,3,182,118,179,120,5,10,34,34,20,38,36,54,28,9,9.254237288135593,1.5423728813559323,0.288135593220339,0.2833333333333333,10,6.333333333333334,11.571428571428571,1.4916666666666667,0.1694915254237288,11.571428571428571,6.333333333333334,9,10,44.0
LPL,1537336,2026-07-21,2026,Kandy Royals,Dambulla Sixers,1,0,0,43,194,120,151,120,6,8,35,47,26,48,36,55,30,10,9.7,1.6166666666666667,0.2916666666666667,0.39166666666666666,8,8.0,11.0,1.2583333333333333,0.21666666666666667,11.0,8.0,10,9,12.0
LPL,1537336,2026-07-21,2026,Dambulla Sixers,Kandy Royals,0,1,0,-43,151,120,194,120,8,6,47,35,19,61,36,25,30,10,7.55,1.2583333333333333,0.39166666666666666,0.2916666666666667,6,10.166666666666666,5.0,1.6166666666666667,0.15833333333333333,5.0,10.166666666666666,10,7,20.0
LPL,1537337,2026-07-22,2026,Jaffna Kings,Colombo Kaps,1,0,1,5,179,120,174,120,6,9,39,37,23,44,36,52,30,6,8.95,1.4916666666666667,0.325,0.30833333333333335,9,7.333333333333334,10.4,1.45,0.19166666666666668,10.4,7.333333333333334,6,9,84.0
LPL,1537337,2026-07-22,2026,Colombo Kaps,Jaffna Kings,0,1,1,-5,174,120,179,120,9,6,37,39,17,37,36,62,30,6,8.7,1.45,0.30833333333333335,0.325,6,6.166666666666666,12.400000000000002,1.4916666666666667,0.14166666666666666,12.400000000000002,6.166666666666666,6,10,44.0
LPL,1537338,2026-07-22,2026,Galle Gallants,Dambulla Sixers,0,0,0,-2,178,120,180,97,8,4,43,22,22,57,36,43,30,9,8.9,1.4833333333333334,0.35833333333333334,0.2268041237113402,4,9.5,8.6,1.8556701030927836,0.18333333333333332,8.6,9.5,9,11,84.0
LPL,1537338,2026-07-22,2026,Dambulla Sixers,Galle Gallants,1,1,0,2,180,97,178,120,4,8,22,43,25,70,36,17,7,9,11.1340206185567,1.8556701030927836,0.2268041237113402,0.35833333333333334,8,11.666666666666666,14.57142857142857,1.4833333333333334,0.25773195876288657,14.57142857142857,11.666666666666666,9,7,20.0
LPL,1537339,2026-07-23,2026,Colombo Kaps,Kandy Royals,1,0,0,23,192,120,169,120,9,8,38,43,25,61,36,46,30,15,9.600000000000001,1.6,0.31666666666666665,0.35833333333333334,8,10.166666666666666,9.200000000000001,1.4083333333333334,0.20833333333333334,9.200000000000001,10.166666666666666,15,10,44.0
LPL,1537339,2026-07-23,2026,Kandy Royals,Colombo Kaps,0,1,0,-23,169,120,192,120,8,9,43,38,24,45,36,58,30,15,8.450000000000001,1.4083333333333334,0.35833333333333334,0.31666666666666665,9,7.5,11.6,1.6,0.2,11.6,7.5,15,9,12.0
LPL,1537340,2026-07-23,2026,Galle Gallants,Jaffna Kings,1,0,0,60,193,120,133,107,8,9,38,50,24,45,36,81,30,15,9.65,1.6083333333333334,0.31666666666666665,0.4672897196261682,9,7.5,16.200000000000003,1.2429906542056075,0.2,16.200000000000003,7.5,15,11,84.0
LPL,1537340,2026-07-23,2026,Jaffna Kings,Galle Gallants,0,1,0,-60,133,107,193,120,9,8,50,38,19,50,36,25,17,15,7.457943925233645,1.2429906542056075,0.4672897196261682,0.31666666666666665,8,8.333333333333332,8.823529411764707,1.6083333333333334,0.17757009345794392,8.823529411764707,8.333333333333332,15,9,84.0
LPL,1537341,2026-07-25,2026,Kandy Royals,Galle Gallants,1,0,0,11,165,120,154,120,6,8,33,43,18,28,36,58,30,10,8.25,1.375,0.275,0.35833333333333334,8,4.666666666666667,11.6,1.2833333333333334,0.15,11.6,4.666666666666667,10,9,12.0
LPL,1537341,2026-07-25,2026,Galle Gallants,Kandy Royals,0,1,0,-11,154,120,165,120,8,6,43,33,17,37,36,50,30,10,7.700000000000001,1.2833333333333334,0.35833333333333334,0.275,6,6.166666666666666,10.0,1.375,0.14166666666666666,10.0,6.166666666666666,10,11,84.0
LPL,1537342,2026-07-25,2026,Colombo Kaps,Dambulla Sixers,1,0,0,21,197,120,176,120,5,8,34,38,28,51,36,71,30,9,9.85,1.6416666666666666,0.2833333333333333,0.31666666666666665,8,8.5,14.2,1.4666666666666666,0.23333333333333334,14.2,8.5,9,10,44.0
LPL,1537342,2026-07-25,2026,Dambulla Sixers,Colombo Kaps,0,1,0,-21,176,120,197,120,8,5,38,34,21,47,36,38,30,9,8.799999999999999,1.4666666666666666,0.31666666666666665,0.2833333333333333,5,7.833333333333334,7.6,1.6416666666666666,0.175,7.6,7.833333333333334,9,7,20.0
LPL,1537343,2026-07-26,2026,Jaffna Kings,Kandy Royals,1,0,0,93,199,120,106,110,4,10,30,51,26,64,36,48,30,10,9.950000000000001,1.6583333333333334,0.25,0.4636363636363636,10,10.666666666666666,9.600000000000001,0.9636363636363636,0.21666666666666667,9.600000000000001,10.666666666666666,10,9,84.0
LPL,1537343,2026-07-26,2026,Kandy Royals,Jaffna Kings,0,1,0,-93,106,110,199,120,10,4,51,30,12,33,36,22,20,10,5.781818181818181,0.9636363636363636,0.4636363636363636,0.25,4,5.5,6.6000000000000005,1.6583333333333334,0.10909090909090909,6.6000000000000005,5.5,10,9,12.0
LPL,1537344,2026-07-26,2026,Galle Gallants,Dambulla Sixers,1,0,0,44,220,120,176,120,6,7,29,41,29,76,36,60,30,10,11.0,1.8333333333333333,0.24166666666666667,0.3416666666666667,7,12.666666666666668,12.0,1.4666666666666666,0.24166666666666667,12.0,12.666666666666668,10,11,84.0
LPL,1537344,2026-07-26,2026,Dambulla Sixers,Galle Gallants,0,1,0,-44,176,120,220,120,7,6,41,29,24,52,36,61,30,10,8.799999999999999,1.4666666666666666,0.3416666666666667,0.24166666666666667,6,8.666666666666666,12.2,1.8333333333333333,0.2,12.2,8.666666666666666,10,7,20.0
LPL,1537345,2026-07-28,2026,Jaffna Kings,Colombo Kaps,1,0,0,19,202,120,183,120,5,9,37,38,28,61,36,80,30,10,10.1,1.6833333333333333,0.30833333333333335,0.31666666666666665,9,10.166666666666666,16.0,1.525,0.23333333333333334,16.0,10.166666666666666,10,9,84.0
LPL,1537345,2026-07-28,2026,Colombo Kaps,Jaffna Kings,0,1,0,-19,183,120,202,120,9,5,38,37,24,48,36,45,30,10,9.149999999999999,1.525,0.31666666666666665,0.30833333333333335,5,8.0,9.0,1.6833333333333333,0.2,9.0,8.0,10,10,44.0
LPL,1537346,2026-07-29,2026,Galle Gallants,Kandy Royals,0,0,0,-6,208,120,214,113,3,5,29,29,28,42,36,70,30,5,10.4,1.7333333333333334,0.24166666666666667,0.25663716814159293,5,7.0,14.0,1.8938053097345133,0.23333333333333334,14.0,7.0,5,11,84.0
LPL,1537346,2026-07-29,2026,Kandy Royals,Galle Gallants,1,1,0,6,214,113,208,120,5,3,29,29,29,83,36,66,23,5,11.36283185840708,1.8938053097345133,0.25663716814159293,0.24166666666666667,3,13.833333333333332,17.217391304347824,1.7333333333333334,0.25663716814159293,17.217391304347824,13.833333333333332,5,9,12.0
LPL,1537347,2026-07-29,2026,Dambulla Sixers,Colombo Kaps,0,0,0,-3,174,120,177,114,5,6,39,41,24,37,36,63,30,6,8.7,1.45,0.325,0.35964912280701755,6,6.166666666666666,12.600000000000001,1.5526315789473684,0.2,12.600000000000001,6.166666666666666,6,7,20.0
LPL,1537347,2026-07-29,2026,Colombo Kaps,Dambulla Sixers,1,1,0,3,177,114,174,120,6,5,41,39,29,56,36,28,24,6,9.31578947368421,1.5526315789473684,0.35964912280701755,0.325,5,9.333333333333334,7.0,1.45,0.2543859649122807,7.0,9.333333333333334,6,10,44.0
LPL,1537348,2026-07-30,2026,Jaffna Kings,Kandy Royals,1,0,0,21,221,120,200,120,6,10,31,38,25,79,36,79,30,9,11.049999999999999,1.8416666666666666,0.25833333333333336,0.31666666666666665,10,13.166666666666668,15.8,1.6666666666666667,0.20833333333333334,15.8,13.166666666666668,9,9,84.0
LPL,1537348,2026-07-30,2026,Kandy Royals,Jaffna Kings,0,1,0,-21,200,120,221,120,10,6,38,31,27,80,36,47,30,9,10.0,1.6666666666666667,0.31666666666666665,0.25833333333333336,6,13.333333333333334,9.4,1.8416666666666666,0.225,9.4,13.333333333333334,9,9,12.0
LPL,1537349,2026-08-01,2026,Galle Gallants,Colombo Kaps,1,0,0,13,201,120,188,118,6,10,41,41,27,71,36,61,30,10,10.05,1.675,0.3416666666666667,0.3474576271186441,10,11.833333333333334,12.2,1.5932203389830508,0.225,12.2,11.833333333333334,10,11,84.0
LPL,1537349,2026-08-01,2026,Colombo Kaps,Galle Gallants,0,1,0,-13,188,118,201,120,10,6,41,41,26,62,36,45,28,10,9.559322033898304,1.5932203389830508,0.3474576271186441,0.3416666666666667,6,10.333333333333334,9.642857142857142,1.675,0.22033898305084745,9.642857142857142,10.333333333333334,10,10,44.0
LPL,1537351,2026-08-05,2026,Jaffna Kings,Galle Gallants,1,0,0,14,242,120,228,120,2,8,33,38,35,58,36,71,30,9,12.1,2.0166666666666666,0.275,0.31666666666666665,8,9.666666666666668,14.2,1.9,0.2916666666666667,14.2,9.666666666666668,9,9,84.0
LPL,1537351,2026-08-05,2026,Galle Gallants,Jaffna Kings,0,1,0,-14,228,120,242,120,8,2,38,33,35,81,36,62,30,9,11.399999999999999,1.9,0.31666666666666665,0.275,2,13.5,12.400000000000002,2.0166666666666666,0.2916666666666667,12.400000000000002,13.5,9,11,84.0
LPL,1537352,2026-08-05,2026,Colombo Kaps,Kandy Royals,1,0,0,68,203,120,135,112,7,10,34,49,27,56,36,53,30,14,10.15,1.6916666666666667,0.2833333333333333,0.4375,10,9.333333333333334,10.6,1.2053571428571428,0.225,10.6,9.333333333333334,14,10,44.0
LPL,1537352,2026-08-05,2026,Kandy Royals,Colombo Kaps,0,1,0,-68,135,112,203,120,10,7,49,34,16,63,36,21,22,14,7.232142857142857,1.2053571428571428,0.4375,0.2833333333333333,7,10.5,5.7272727272727275,1.6916666666666667,0.14285714285714285,5.7272727272727275,10.5,14,9,12.0
LPL,1537353,2026-08-07,2026,Colombo Kaps,Galle Gallants,0,0,0,-1,176,113,177,112,10,4,32,34,21,52,36,39,23,9,9.345132743362832,1.5575221238938053,0.2831858407079646,0.30357142857142855,4,8.666666666666666,10.173913043478262,1.5803571428571428,0.18584070796460178,10.173913043478262,8.666666666666666,9,10,44.0
LPL,1537353,2026-08-07,2026,Galle Gallants,Colombo Kaps,1,1,0,1,177,112,176,113,4,10,34,32,21,55,36,41,22,9,9.482142857142858,1.5803571428571428,0.30357142857142855,0.2831858407079646,10,9.166666666666666,11.181818181818182,1.5575221238938053,0.1875,11.181818181818182,9.166666666666666,9,11,84.0
LPL,1537354,2026-08-08,2026,Jaffna Kings,Galle Gallants,0,0,0,-3,123,117,126,95,10,5,45,33,12,41,36,23,27,11,6.307692307692308,1.0512820512820513,0.38461538461538464,0.3473684210526316,5,6.833333333333333,5.111111111111111,1.3263157894736841,0.10256410256410256,5.111111111111111,6.833333333333333,11,9,84.0
LPL,1537354,2026-08-08,2026,Galle Gallants,Jaffna Kings,1,1,0,3,126,95,123,117,5,10,33,45,16,51,36,15,5,11,7.957894736842105,1.3263157894736841,0.3473684210526316,0.38461538461538464,10,8.5,18.0,1.0512820512820513,0.16842105263157894,18.0,8.5,11,11,84.0
